{"Training loss": 25.795055389404297, "Validation loss": 21.85173797607422, "Epoch": 1, "_timestamp": 1721975985.1187499, "_runtime": 13.428196907043457, "_step": 1, "_wandb": {"runtime": 12}}