{"Training loss": 4.683765411376953, "Validation loss": 1.5801721811294556, "Epoch": 9, "_timestamp": 1722237802.6775057, "_runtime": 336.43634963035583, "_step": 9, "_wandb": {"runtime": 349}}