{"Training loss": 0.1514917016029358, "Validation loss": 0.05310745909810066, "Epoch": 2999, "_timestamp": 1721987034.560641, "_runtime": 10997.023370981216, "_step": 2999, "_wandb": {"runtime": 10999}}