{"Training loss": 2.6763553619384766, "Validation loss": 0.3292486369609833, "Epoch": 51, "_timestamp": 1722239031.2331374, "_runtime": 1114.3833513259888, "_step": 51}