{"Training loss": 4.399655342102051, "Validation loss": 1.1532514095306396, "Epoch": 9, "_timestamp": 1721975958.785608, "_runtime": 31.085564136505127, "_step": 9, "_wandb": {"runtime": 32}}