{"Training loss": 27.377355575561523, "Validation loss": 25.581769943237305, "Epoch": 1, "_timestamp": 1721974318.3537705, "_runtime": 29.43787145614624, "_step": 1, "_wandb": {"runtime": 35}}