{"Training loss": 5.339661598205566, "Validation loss": 1.4594354629516602, "Epoch": 12, "_timestamp": 1721974991.5134938, "_runtime": 173.150958776474, "_step": 12, "_wandb": {"runtime": 187}}